Model,Test_R2,Test_MAPE,Test_RMSE,Test_MAE
Linear Regression,0.33709360569111524,275.6325355539408,526.4858157977457,395.87956655257
Random Forest,0.8655054855700742,45.58550800280007,237.14439085267307,144.79577317784364
XGBoost,0.8614271879196167,46.09171036790886,240.7130196156826,146.3851318359375
